epoch;acc;loss
0;0.7835928108704262;0.49497960026979931
1;0.803940540070332;0.40747543505957956
0;0.83114903100818149;0.37826866095285289
1;0.90292315359259878;0.23668085562061586
0;0.82619403642529765;0.38693449431304255
1;0.89861318789640743;0.24334212000783434
